"month","total_sale_amount"
"2023-06","164961.781029426566396"
"2023-07","157023.766637476098368"
"2023-08","164336.15614832226920"
"2023-09","175140.77296745898747"
"2023-10","179131.700874514157165"
"2023-11","176211.66316416752204"
"2023-12","168712.44396265137986"
"2024-01","180097.32603814227888"
"2024-02","162513.01121580181699"
"2024-03","179671.08739802360384"
"2024-04","169135.21679710966909"
"2024-05","122200.024116818260252"
