"salesperson_id","total_sales"
36,"9917.8538758151219"
19,"7387.4507122917715"
21,"7075.3947827405096"
